MSFT,3332423
AAPL,3322436
GOOGL,2234819
GOOG,2045315
AMZN,1915444
AVGO,851318
LLY,841118
TSLA,587338
FB,561211
JPM,559918
WMT,542731
V,512624
UNH,450280
XOM,427264
MA,413368
PG,395323
ORCL,388391
COST,384775
JNJ,351255
HD,346569
MRK,322933
NVDA,322211
BAC,308983
ABBV,299632
NFLX,298578
CVX,282943
KO,269764
AMD,256024
QCOM,247998
ADBE,232396
PEP,228407
CRM,223335
TMO,216815
WFC,213088
LIN,211800
TMUS,207864
AMAT,201082
ACN,191426
DHR,188231
DIS,185075
CSCO,184077
MCD,182700
ABT,179965
GE,178673
TXN,177453
INTU,168433
VZ,166097
AXP,164195
MU,163702
AMGN,162690
PM,158643
MS,157706
CAT,157671
IBM,155703
PFE,152885
ISRG,152521
NOW,148728
NEE,148563
NKE,148200
CMCSA,146038
GS,145167
SPGI,144289
LRCX,139592
HON,138019
UNP,135069
BKNG,134118
INTC,131882
SYK,131313
UBER,131175
ETN,130067
SCHW,129404
LOW,129222
COP,128111
T,125987
TJX,124565
VRTX,122237
PGR,121966
UPS,117499
BLK,116068
ADI,115316
C,114561
KLAC,114293
REGN,112841
BSX,112013
LMT,110134
BA,109511
ANET,106569
MDT,106159
CB,105868
DE,104502
MMC,104221
PANW,103483
PLD,103028
DELL,101380
ADP,100260
CI,94852
KKR,94728
SNPS,93879
CMG,92439
SBUX,92122
AMT,89790
MDLZ,88637
HCA,87864
CDNS,87742
FI,87607
SO,84937
BMY,83050
WM,82776
GD,80616
GILD,80071
CL,78721
ICE,78122
ZTS,77981
DUK,77794
MCK,77660
SHW,76787
MO,76778
CVS,76691
FISV,75595
MCO,75288
TDG,73804
EQIX,72354
CTAS,71779
ITW,71303
CME,70713
MAR,69892
ECL,69288
EOG,68437
FCX,67889
BDX,67266
TGT,67068
AON,65231
PH,65046
MSI,63854
CSX,63750
NOC,63603
PXD,62989
PYPL,62899
SLB,62362
MRVL,62167
WELL,62058
FDX,61535
VMW,61523
ORLY,61441
EMR,61426
USB,60998
PNC,60792
APD,60714
MPC,60506
RSG,60369
DISCK,59712
ROP,59259
PSX,58204
AJG,57063
PCAR,56477
MMM,55629
GM,54081
HLT,53665
OXY,53376
EW,52348
CPRT,52301
COF,52125
ADSK,51832
MNST,51180
WMB,50286
AZO,50203
ROST,50163
AFL,49981
NSC,49904
PSA,49900
VLO,49412
MET,49338
AIG,49098
MCHP,48867
SPG,48131
STZ,47839
TRV,47660
KMB,47291
DHI,47177
NEM,47175
SRE,47160
KDP,47025
COR,46811
JCI,46692
DLR,46555
FTNT,46524
F,46470
DXCM,46342
AEP,46255
O,46212
OKE,46137
TEL,45989
INFO,45801
WDAY,45042
GWW,45018
PAYX,44891
HES,44238
KMI,43655
BK,43500
TTD,43488
LEN,43083
AMP,42963
HUM,42808
FIS,42342
ALL,41894
CCI,41862
LHX,41861
IDXX,41651
APH,41472
D,41419
URI,41238
CHTR,41185
PRU,41109
TWTR,41094
EL,41001
PWR,40488
MPWR,40277
KHC,39975
AME,39007
IQV,38867
DOW,38838
YUM,38561
A,38463
MSCI,38406
RCL,38376
VRSK,38193
ODFL,37790
NUE,37734
GIS,37646
IR,37640
HSY,37540
LULU,37514
ACGL,37253
CMI,36918
FAST,36878
KR,36842
EA,36547
CNC,36395
PEG,36395
SYY,36323
CTVA,36271
LNG,35502
MLM,35375
EXC,35171
HPQ,35160
FICO,34841
SQ,34784
IT,34366
VMC,33903
XYL,33831
NDAQ,33802
DD,33624
FANG,33450
GLW,33194
LVS,33043
BIIB,32972
EXR,32798
CTSH,32576
DAL,32078
DFS,31503
ED,31350
TSCO,31216
MTD,30920
RMD,30902
GRMN,30790
LYB,30592
ON,30430
CDW,30421
PPG,30079
HIG,29942
CSGP,29891
ADM,29745
XEL,29582
HAL,29578
EFX,29549
ROK,29471
VICI,29418
VST,29201
HUBS,29099
VEEV,29057
DVN,28920
AVB,28665
ANSS,28567
WAB,28506
HPE,28151
FSLR,27973
DG,27902
ZS,27869
EIX,27521
HEI,27515
TTWO,26976
CLR,26961
TRGP,26961
CBRE,26807
CHD,26726
KSU,26711
EBAY,26676
FWONA,26655
FWONK,26655
LSXMA,26655
LSXMK,26655
PINS,26269
BRO,26243
TROW,26135
WDC,26076
NTAP,25939
DECK,25887
IRM,25875
ARES,25874
FTV,25772
EQR,25434
AWK,25078
WEC,24751
DOV,24632
CAH,24588
WST,24481
RJF,24450
FITB,24386
IFF,24207
MTB,24159
NVR,24087
PHM,24023
GPN,23965
KEYS,23903
ROL,23848
MSTR,23775
BR,23358
DLTR,23354
DTE,22920
ETR,22714
TER,22596
FCNCA,22326
BLL,22222
STX,22124
WSO,22077
PSTG,22054
ZBH,22019
FE,22008
SNAP,21968
FLT,21895
INVH,21751
STT,21603
STE,21364
WY,21251
LPLA,21005
PBA,20934
LYV,20776
PTC,20670
PPL,20590
CVNA,20573
SBAC,20542
HUBB,20488
ENTG,20449
WRB,20381
ES,20308
VTR,20239
MKL,20207
ARE,20141
TSN,19999
ALNY,19897
STLD,19885
CTRA,19849
TYL,19838
BAH,19773
K,19767
CSL,19762
BBY,19686
CNP,19633
WSM,19623
GPC,19488
GDDY,19455
LDOS,19452
WLK,19333
APTV,19303
LII,19288
AEE,18774
MKC,18646
ULTA,18569
DPZ,18562
DRE,18557
ALGN,18483
COO,18411
AVY,18398
TDY,18365
DRI,18331
BLDR,18300
PFG,18251
RS,18154
ESS,18061
MOH,18053
EME,18001
HBAN,17956
CBOE,17905
CINF,17818
VRSN,17758
CMS,17669
OMC,17641
CCL,17609
ATO,17545
EXPD,17477
WAT,17455
ILMN,17375
RF,17309
SYF,17303
BAX,17280
LUV,17218
CLX,17133
SWKS,17055
EQT,17032
ZM,16945
HRL,16855
NTRS,16793
HOLX,16670
L,16652
PKG,16616
UAL,16559
ENPH,16440
ERIE,16417
MDB,16406
TXT,16385
NRG,16376
JBHT,16306
MAA,16281
VAR,16262
BMRN,16144
ATH,16011
TIF,15961
IP,15758
EXPE,15750
CFG,15698
ZBRA,15549
FDS,15503
NWS,15420
NWSA,15420
MRO,15409
OC,15352
MAS,15311
DGX,15222
CE,15220
SSNC,15168
IEX,15161
FOX,15040
FOXA,15040
JBL,15012
CREE,14965
BURL,14896
GEN,14833
AVTR,14672
BG,14581
PKI,14456
RPM,14452
OKTA,14450
SUI,14446
AMCR,14396
MANH,14330
SNA,14141
INCY,14076
CASY,13967
PODD,13896
UHS,13850
TRU,13850
CAG,13720
AGR,13662
DOC,13625
CELH,13617
NBIX,13615
TRMB,13607
AKAM,13573
NTRA,13560
WMS,13553
GGG,13551
CF,13530
NTNX,13472
RGA,13415
CPB,13408
AES,13389
THC,13371
FNF,13367
NDSN,13290
UDR,13284
BLD,13178
UTHR,13176
POOL,13154
USFD,13119
WBA,13070
DKS,13069
AMH,13026
EQH,13020
NVT,13019
SWK,12981
IBKR,12967
PNR,12953
WRK,12905
CXO,12878
KEY,12785
AOS,12784
LNT,12734
SC,12734
FND,12680
MGM,12670
HST,12663
KIM,12592
LW,12578
NI,12553
AZPN,12425
RL,12399
DVA,12387
MORN,12360
TOL,12356
MEDP,12268
WING,12229
XPO,12208
CLH,12195
WPC,12136
EVRG,12099
ALLY,12083
TW,12081
ACM,12046
JKHY,12031
UHAL,12022
SJM,11911
SAIA,11894
BJ,11883
BKI,11876
GLPI,11854
CNA,11848
ALB,11827
RNR,11800
TECH,11789
SNX,11700
EMN,11678
BEN,11658
ELS,11632
CPT,11559
JNPR,11537
FIX,11497
VER,11491
TXRH,11463
ESTC,11427
Y,11407
REG,11351
LSI,11325
KMX,11282
COHR,11279
PSN,11273
WWD,11238
GWRE,11222
IPG,11164
TTEK,11109
CHK,11091
SRPT,11043
ELF,10931
QRVO,10921
LKQ,10868
CRL,10736
Z,10695
ZG,10695
PFGC,10690
SCI,10635
ITT,10570
LECO,10497
FTI,10494
AFG,10483
DOCU,10447
CW,10374
APA,10371
HRC,10301
CHDN,10280
SIRI,10194
ALLE,10163
AR,10117
EPAM,10108
NLSN,10068
NLY,10064
TAP,10054
CHRW,10047
LAMR,10042
TTC,9993
CTLT,9992
MUSA,9955
WYNN,9950
CUBE,9915
JLL,9876
PAG,9865
EWBC,9844
OLED,9831
FFIV,9829
REXR,9819
GPS,9752
ATR,9696
CROX,9693
TFX,9692
BXP,9651
SKX,9644
TPR,9632
ZEN,9626
INSM,9615
CACI,9594
PLAN,9593
HII,9544
JEF,9533
ANF,9500
BRKR,9425
CCK,9418
UNM,9320
TWLO,9163
MKSI,9132
ACC,9125
ALV,9120
STOR,9105
TREX,9099
KNSL,9072
AMKR,9013
ELAN,9009
FN,8974
XEC,8965
COG,8893
ARMK,8860
UI,8854
CART,8799
AIZ,8733
DCI,8732
MOS,8645
MTZ,8615
PNW,8613
EHC,8590
HAS,8573
KBR,8564
COTY,8514
SEIC,8503
GPK,8484
HSIC,8474
WCC,8406
COKE,8383
BIO,8374
TPX,8370
BWXT,8337
FRT,8335
RRC,8320
PAYC,8303
X,8290
AVLR,8278
LSCC,8257
GNRC,8238
PPC,8227
SF,8221
CHE,8161
ORI,8144
NYT,8123
MTCH,8114
CR,8088
CGNX,8032
OHI,8026
EGP,8023
AYI,7984
RGLD,7980
GNTX,7909
FHN,7908
RBC,7900
PRI,7838
CZR,7817
SFM,7812
EXP,7788
PCTY,7786
MTSI,7720
NNN,7714
EVR,7713
FLR,7707
GME,7680
AXTA,7674
AGCO,7664
EXAS,7627
KNX,7592
SWN,7577
INGR,7571
BWA,7562
MKTX,7555
GMED,7510
AAL,7506
FCN,7482
GL,7374
HQY,7341
WSC,7320
COLD,7291
ITCI,7271
PEN,7261
LBRDA,7258
LBRDK,7258
NCLH,7255
HRB,7228
JAZZ,7223
VOYA,7216
MASI,7185
MHK,7181
NOV,7163
MSA,7160
WEX,7151
AIT,7146
UFPI,7115
SSD,7111
IIVI,7105
AGNC,7073
LAD,7071
CLF,7056
OGE,7045
MTDR,7009
FMC,6984
WBS,6955
ENSG,6953
RGEN,6948
KEX,6947
OSK,6944
CBSH,6924
ARW,6923
AM,6920
HLI,6881
SPSC,6881
BERY,6878
ETSY,6864
ROKU,6845
ATI,6828
AN,6785
H,6776
CIEN,6763
MIDD,6726
BRX,6716
AA,6716
RHI,6714
CRUS,6709
MTN,6708
LBTYA,6631
LBTYK,6631
SUM,6579
LEA,6578
WAL,6575
IVZ,6563
NSIT,6559
ESI,6558
AAON,6528
BPMC,6504
STAG,6471
RLI,6468
LSTR,6452
ALSN,6446
PE,6411
LFUS,6398
PVH,6390
SPXC,6386
LPX,6373
EXEL,6344
HALO,6320
PLNT,6301
FIVE,6295
FR,6282
FRPT,6282
ROLL,6270
MLI,6264
CFR,6246
CMA,6242
BECN,6215
NE,6206
FLS,6202
HCP,6195
SAIL,6186
NEWR,6178
ADC,6177
POST,6177
BPOP,6141
STWD,6136
ADT,6135
HR,6113
ACHC,6105
AQUA,6104
GTLS,6097
IBP,6092
ZION,6092
RMBS,6092
AVAV,6052
MTH,6044
BFAM,6017
QTS,6000
RHP,5987
SRC,5980
IONS,5950
ESNT,5945
OLN,5934
TMHC,5927
MAT,5915
MUR,5908
NOVT,5898
MDGL,5897
SAIC,5895
AXS,5895
PNFP,5890
CLGX,5889
CMC,5886
OLLI,5875
SITE,5873
ETRN,5850
CACC,5849
WH,5806
BCPC,5796
SMAR,5792
ST,5785
WTFC,5769
TKR,5768
OMF,5751
VKTX,5736
G,5729
BOKF,5728
LNTH,5727
UNVR,5701
TRNO,5671
MARA,5661
SON,5659
PB,5655
GKOS,5641
CWST,5631
DAR,5626
CHH,5614
SIGI,5585
MTG,5561
LYFT,5561
FAF,5561
BMI,5556
SSB,5538
CYTK,5534
IAA,5514
VMI,5492
SNV,5456
SRCL,5440
ALTR,5416
SWCH,5410
VVV,5408
VFC,5373
CBT,5355
COOP,5352
SEE,5329
XRAY,5328
SM,5321
JHG,5314
CIT,5306
MMS,5300
WPX,5291
HXL,5289
S,5283
KBH,5278
SWX,5271
R,5241
WWE,5240
DBX,5240
LNC,5237
VAL,5235
ALK,5222
PBF,5218
DDS,5213
FSS,5197
LANC,5190
PSB,5178
TNET,5173
BYD,5167
WTS,5147
CVLT,5134
APPF,5134
W,5129
M,5091
ONB,5091
TDW,5086
KRYS,5075
STL,5066
BC,5053
MDU,5052
QLYS,5051
AL,5047
CRS,5034
NEU,5021
WHR,5013
BCC,5008
AWI,4991
NXST,4987
ATKR,4986
CADE,4980
FCFS,4971
NFG,4968
DY,4964
THO,4963
EEFT,4917
EXLS,4906
APLS,4895
EXPO,4895
VRNS,4873
MOD,4872
INSP,4863
IDA,4853
EPRT,4847
COLM,4847
ASH,4845
VNO,4840
PEGA,4838
AMG,4835
KRG,4803
FLO,4782
AVT,4760
ABG,4756
TENB,4737
CLDR,4737
MDC,4727
PRSP,4726
ITRI,4721
DLB,4718
TMDX,4713
GATX,4711
UGI,4710
ESGR,4705
SLGN,4698
MMSI,4690
FG,4684
AJRD,4683
HLNE,4682
FNB,4652
GRA,4638
FIZZ,4617
HOMB,4613
RDN,4596
WTM,4583
WIRE,4569
FORM,4519
HOG,4513
AEL,4493
SLM,4491
ACLS,4490
RYN,4466
BCO,4466
FELE,4457
SEM,4450
PII,4441
NAV,4439
THG,4432
MSM,4432
POR,4429
ORA,4428
SJI,4418
TRTN,4380
MGY,4373
VRRM,4371
OZK,4366
HAE,4361
RDNT,4322
FUL,4286
CRVL,4280
RH,4270
RIG,4262
UBSI,4252
MAIN,4248
ALKS,4232
SKY,4227
AGO,4224
POWI,4216
MATX,4214
GPI,4204
GTES,4193
PI,4189
HGV,4168
URBN,4154
ENS,4145
VNE,4139
NJR,4137
CSWI,4134
WU,4124
ACA,4117
AEO,4100
SIG,4086
IRT,4085
AEIS,4082
GBCI,4082
GOLF,4080
LOPE,4079
HUN,4024
FFIN,4020
WRI,4018
ASGN,4013
PTEN,3981
BOOT,3963
BLKB,3960
ELY,3941
COLB,3940
HHC,3940
UMBF,3932
IPGP,3930
ITGR,3930
BDC,3919
HWC,3882
AAP,3826
ACIW,3824
AMR,3823
KTB,3817
CBZ,3814
SLAB,3813
IAC,3786
SANM,3770
NOG,3764
CAR,3762
SLG,3750
KMPR,3749
BOX,3733
CPRI,3733
GH,3732
KRC,3715
HRI,3711
WK,3696
SHAK,3693
CNX,3687
MC,3684
STRL,3680
SMG,3658
OTTR,3658
PRMW,3646
SYNA,3636
ALTM,3634
ALE,3633
NEOG,3633
BKH,3626
CC,3618
TEX,3618
AXSM,3610
SMPL,3609
TPH,3595
IPAR,3585
CNS,3583
CTRE,3576
PRGO,3576
JWN,3569
NSP,3562
SPR,3551
APLE,3543
INST,3542
GMS,3532
CRNX,3526
HASI,3519
YETI,3502
RCM,3491
QTWO,3483
CUZ,3482
TFSL,3481
KFY,3474
WHD,3456
MHO,3453
WBT,3438
OGS,3434
AXNX,3433
VLY,3432
LBRT,3428
MAN,3421
HCC,3413
CRC,3410
WEN,3407
ENV,3407
CMD,3401
IBOC,3400
SR,3383
LITE,3380
DIOD,3373
PNM,3327
SBRA,3313
RUSHA,3312
RUSHB,3312
RARE,3309
ABCB,3306
GT,3282
SFBS,3277
KAI,3271
HP,3257
JJSF,3242
PBH,3238
DXC,3236
GFF,3234
LAZ,3225
TDC,3222
PCH,3221
CIM,3221
WD,3220
SXT,3212
SHOO,3205
CRK,3200
SGRY,3194
IRDM,3189
JBT,3186
SKYW,3180
HL,3175
ABM,3173
AYX,3172
PK,3155
RIOT,3151
JOE,3142
CNR,3141
RRR,3129
BE,3125
MAC,3121
ARWR,3117
KWR,3114
BXMT,3112
VCTR,3108
ALRM,3099
NPO,3093
IOSP,3086
UAA,3079
EPR,3076
NSA,3074
ASB,3054
VAC,3050
EAT,3048
IIPR,3045
WDFC,3045
SITC,3043
CTB,3040
AX,3039
NWE,3038
FIVN,3037
TROX,3016
ARNC,3009
AMED,2999
LRN,2988
SEB,2979
IRTC,2978
CORT,2977
FOLD,2974
SKT,2968
LTHM,2967
GEF,2967
CWEN,2965
KTOS,2964
CVCO,2960
MLHR,2958
IDCC,2956
HI,2955
CNO,2951
UCBI,2939
AROC,2933
FULT,2932
DNLI,2921
DOOR,2920
BHVN,2913
VC,2908
NHI,2907
BRC,2899
PRIM,2892
ICUI,2888
MPW,2886
FBP,2884
SAM,2876
BTU,2873
LIVN,2867
MCY,2865
DORM,2863
TWST,2853
PLXS,2833
REZI,2825
RPAI,2825
PENN,2823
RUN,2817
AUB,2816
APAM,2816
NWL,2815
CEIX,2813
BL,2805
VSH,2799
ARCH,2796
UFS,2796
GPOR,2786
TNDM,2777
VCRA,2773
GERN,2770
BANF,2770
UA,2752
MGEE,2750
USM,2741
FTDR,2737
GVA,2736
CWT,2734
MWA,2722
MTX,2721
IESC,2721
CVI,2719
INSW,2718
PTCT,2715
ESE,2706
HIW,2700
TCBI,2699
FIBK,2696
STRA,2695
CVA,2695
AVA,2672
VECO,2672
WLL,2670
TCO,2654
ABR,2647
WSFS,2645
KLIC,2645
AIN,2636
HUBG,2630
LCII,2629
ICFI,2629
LXP,2622
CCS,2622
GRBK,2620
CATY,2619
AWR,2617
PRFT,2616
SPB,2614
GNW,2613
NYCB,2610
WOR,2600
CALM,2596
BHF,2596
MGRC,2593
MTOR,2586
AGYS,2584
CCOI,2572
NNI,2561
TGTX,2561
FHB,2561
SIX,2547
ROAD,2532
EVH,2518
RYTM,2510
DREUF,2498
ARCB,2491
PJT,2482
UEC,2477
KOS,2476
SATS,2463
GHC,2463
ACAD,2452
PSMT,2440
YELP,2437
QDEL,2432
NTLA,2428
LEVI,2427
HOME,2426
TRN,2422
ADMA,2420
AGIO,2418
KSS,2414
BATRA,2414
BATRK,2414
PGTI,2404
AIR,2395
CUB,2383
AZZ,2382
ATGE,2379
AMEH,2379
CPE,2378
PATK,2376
HELE,2373
GCP,2369
UNF,2349
MYRG,2348
CNK,2344
CRI,2342
PSEC,2335
CPK,2332
RNG,2325
OSIS,2323
CALX,2309
VRTV,2306
FL,2304
ROG,2303
CLDX,2301
ADNT,2299
CBU,2290
RPD,2289
TRIP,2288
WERN,2286
CVBF,2285
IART,2277
OUT,2268
BOH,2266
IOVA,2261
ESTE,2251
CARG,2246
ASPN,2245
FCPT,2244
LGIH,2236
CENT,2217
CENTA,2217
CXP,2215
MTRN,2215
DEI,2213
PRSC,2207
LAUR,2203
CDE,2196
UCTT,2196
PRK,2194
SEDG,2191
MYGN,2175
ROCK,2168
CNMD,2168
OII,2168
WAFD,2162
VRNT,2161
TGNA,2157
OAS,2145
ALG,2141
PRGS,2139
EVTC,2137
UE,2133
TGLS,2086
BKU,2086
AMRX,2083
CAKE,2079
VIRT,2072
EQC,2070
SHO,2069
ENR,2068
HNI,2066
BANC,2060
SFNC,2059
VSTO,2052
AMN,2048
PDCO,2047
PD,2045
CABO,2037
PPBI,2036
POWL,2036
TDS,2032
VCEL,2027
USLM,2024
SNDR,2022
FFBC,2020
PLUG,2020
B,2019
PLUS,2011
FBC,2002
SMTC,1988
AMPH,1982
INDB,1976
NVAX,1973
STAA,1969
GSAT,1957
NSSC,1952
RAMP,1950
EPC,1946
FOXF,1943
GTX,1928
ADUS,1927
UFPT,1925
SBCF,1925
RCKT,1925
HTH,1917
SXI,1916
TALO,1909
PTGX,1904
PINC,1897
JBLU,1891
SCL,1891
THS,1891
KMT,1881
TTMI,1881
SONO,1866
HWKN,1862
OI,1852
DAN,1851
MNRL,1847
FRME,1845
FOE,1843
TNC,1843
BKE,1840
HTLF,1837
LMAT,1827
BLBD,1805
AKR,1793
MNR,1787
GEO,1786
IBTX,1782
CPRX,1772
AGM,1772
HBI,1768
TBBK,1767
VSAT,1765
TRMK,1762
PLAY,1759
KAR,1758
DRH,1746
HURN,1742
XRX,1726
OFG,1717
FBK,1715
TDOC,1715
MBIN,1712
ARVN,1707
GWB,1705
NBTB,1701
STC,1700
RFP,1700
BLMN,1698
FIT,1697
CNXN,1691
PEB,1691
SNDX,1690
ENVA,1688
DFIN,1688
NWLI,1684
VGR,1683
SJW,1682
LPG,1677
NEO,1673
WMK,1671
VIAV,1670
MRCY,1669
TEN,1669
EXPI,1665
ANDE,1663
GNL,1656
WGO,1649
MGPI,1646
VCYT,1634
RNST,1627
THRM,1622
NGVT,1618
NHC,1616
FOR,1615
LILA,1613
LILAK,1613
BANR,1612
APTS,1611
PZZA,1609
EXTR,1605
HLIO,1600
OXM,1596
NAVI,1596
KN,1596
MDRX,1595
PLAB,1593
HEES,1591
HLX,1590
PAR,1581
WSBC,1579
KURA,1576
OSW,1575
ROIC,1568
CTS,1566
GBX,1563
CHEF,1561
LEG,1560
DO,1552
WDR,1549
KRO,1546
LKFN,1546
DK,1537
DBD,1536
VRTS,1536
MXL,1533
NMRK,1530
ESRT,1517
CHCO,1516
RLJ,1501
BGCP,1499
KRA,1498
LOB,1497
COHU,1489
FFG,1487
DVAX,1484
CLBK,1482
RCUS,1473
NVEE,1472
GSHD,1470
ATEC,1466
LTC,1464
ARDX,1464
XHR,1462
LZB,1454
LGND,1452
USPH,1451
BHE,1448
EVBG,1446
AMC,1445
ARI,1444
PARR,1441
GTY,1440
CUBI,1439
RC,1434
CENX,1433
EFSC,1431
SUPN,1429
LADR,1427
MRTN,1425
ODP,1425
SLNO,1420
SSTK,1419
KALU,1418
REVG,1417
DNOW,1411
SYBT,1409
NWBI,1385
NBHC,1384
APOG,1373
UPWK,1371
TOWN,1365
USD,1362
TWO,1361
JBGS,1357
CASH,1357
HMN,1354
ACMR,1350
NWN,1348
KW,1335
FCF,1334
ZUO,1328
VSEC,1320
CARS,1316
SAFE,1315
PDFS,1314
RES,1312
AAT,1312
BCOR,1309
BV,1303
KAMN,1303
OMI,1299
PRO,1298
ANIP,1297
MNKD,1294
LNN,1292
BCRX,1288
AMWD,1285
CXW,1285
HLIT,1285
MCRI,1283
OMCL,1282
NTCT,1278
BKD,1276
BUSE,1275
PCRX,1273
WABC,1263
DEA,1261
FBNC,1261
ARLO,1259
SAH,1258
WINA,1245
INFN,1244
EEX,1243
ICHR,1241
TCBK,1236
SRCE,1235
GIII,1231
KNL,1227
HOPE,1222
CCF,1214
MMI,1211
PMT,1205
XNCR,1204
SLCA,1202
ALEX,1194
CAL,1193
SGH,1193
CRAI,1191
CSGS,1191
STBA,1189
TR,1189
JELD,1184
KFRC,1182
GOGO,1181
MODN,1180
SCS,1173
AIV,1162
UVV,1153
GES,1143
CIR,1142
WKHS,1126
SAFT,1125
MFA,1123
VICR,1123
AMRC,1121
PLYA,1121
LDL,1120
HLF,1119
TRNS,1115
RPT,1112
TPC,1109
JAGX,1109
TRUP,1109
APPN,1107
TGI,1101
SCSC,1097
PRTA,1095
CNNE,1091
UMH,1088
VBTX,1087
ALX,1078
SBH,1078
HE,1063
ARGO,1056
EIG,1052
ULH,1050
MRC,1049
AGX,1046
TRS,1044
WTTR,1043
FDP,1043
COLL,1041
HIBB,1041
EYE,1036
EFC,1035
JACK,1029
OSTK,1028
PFS,1027
PEBO,1022
WWW,1019
LQDA,1018
SASR,1017
HY,1017
CMCO,1015
IMKTA,1011
INVA,1009
SABR,1008
ATEN,1006
BY,1004
HTZ,1003
SCVL,1003
PGRE,1002
CBRL,998
NCBS,995
ALGT,991
QEP,990
ATUS,989
PFBC,989
THR,988
HCI,984
SBOW,978
ECPG,975
NX,973
CAI,972
FSLY,967
GABC,965
SCHL,960
GPRE,960
GRC,959
DLX,959
WNC,958
SAVA,954
PLYM,947
NXRT,946
ATRC,945
ARR,943
QCRH,940
SLP,940
CHS,937
SBR,934
BLFS,933
CPLG,933
AMSC,926
HTLD,926
LC,921
BHLB,919
BZH,909
MSEX,907
OBNK,906
IRWD,906
PDM,894
PUMP,894
TTGT,887
PBI,885
BBSI,883
RWT,881
SHEN,880
GDEN,880
BFS,877
JBSS,877
AOSL,876
BELFA,876
BELFB,876
RBCAA,875
OPK,871
USNA,871
AVNS,869
GNK,867
TILE,867
USAT,864
QNST,862
NPTN,860
IDT,859
OCFC,858
CLB,857
GTS,856
BXC,856
SILK,855
CLW,853
OCUL,852
CKH,851
DCO,846
HSTM,842
IHC,841
CECO,836
KOP,835
CWH,833
UBA,832
FBM,831
AXL,830
ATSG,820
AMSF,817
HOV,817
DGII,816
UNFI,812
BRG,811
UTL,811
BJRI,808
REX,799
SXC,797
ATRI,795
TH,794
RRD,790
CBB,788
VRS,787
TRCH,786
SBSI,784
BDN,779
PRAA,771
PRLB,767
DX,767
HCSG,762
AMAL,757
MATW,755
KELYA,754
HZO,753
FBMS,753
PFLT,752
ERII,747
KNSA,747
CTBI,747
UTI,746
AMRK,745
RGR,744
SINT,744
DXPE,743
MBUU,742
SNR,741
HAYN,740
BRKL,740
AHH,738
BOMN,735
WVE,734
HNGR,732
VVI,732
FMBH,731
RDFN,723
DCOM,713
MNRO,712
WRLD,709
CFFN,709
RYI,706
CDNA,705
KIDS,701
SRRK,700
CBL,698
ASTE,695
EGLE,693
HPP,686
EOLS,681
CNOB,679
HSII,679
SAGE,678
IMXI,676
CCO,674
EVRI,674
WSR,674
ECOM,668
HA,666
MLR,665
NR,663
STAR,663
NBR,661
TRTX,660
BGS,659
PLPC,656
PLSE,654
PETQ,651
CHCT,651
MCF,648
TMP,647
GCI,646
KREF,646
SPTN,642
UNIT,641
PRA,640
YEXT,640
LEU,639
ANAB,639
BRMK,635
HAIN,633
MD,631
INN,631
FRC,631
CMO,630
EGY,628
HROW,626
FCBC,625
UVSP,625
OSBC,622
LXRX,622
IIIN,621
ASIX,620
CNDT,620
VREX,619
MSGN,616
GSBC,613
DRQ,610
OSG,609
HCKT,608
NUS,607
SMP,607
TIPT,605
GRPN,604
NRC,603
SRDX,598
GMRE,596
MBWM,592
HFWA,590
GLDD,589
LXU,585
TRXC,583
BH,580
LQDT,579
DIN,575
CLNE,574
RILY,573
RGNX,573
OFLX,572
LASR,571
ATEX,570
MERC,570
FWRD,568
AMBC,564
FPI,564
LEGH,563
CLFD,563
EBF,563
TPB,563
GOOD,560
FRPH,559
CASS,559
DMRC,556
TREE,555
NYMT,552
KE,551
MYE,549
CPF,548
FNKO,547
IRMD,545
ESPR,544
UVE,541
EVER,540
UFCS,539
QTRX,538
NP,537
SVRA,535
PLOW,533
EZPW,531
ATRO,530
UHT,526
TWI,526
TELL,526
NPK,522
CNCE,521
HBNC,519
RBBN,518
YORW,518
YMAB,516
SIBN,515
TRST,515
ZEUS,515
GAIN,514
BFST,513
PBT,513
GTN,513
MITK,512
CTT,511
CATC,511
GCBC,511
ACTG,510
DJCO,509
TWOU,509
NBN,508
CNSL,508
EGBN,508
CCRN,508
EQBK,506
DAKT,505
IBCP,504
OLP,501
KALV,499
GLAD,499
SBGI,497
MLAB,494
OSPN,493
AAC,492
HTBI,490
SD,488
SMRT,486
CYH,486
HRTX,486
LAND,485
HTBK,485
GDOT,483
BDGE,483
CYRX,482
ALLO,481
MUX,480
REPL,480
KODK,476
CDMO,475
NGVC,475
OPY,475
BRY,475
DDD,474
CRBP,472
MCBC,472
OFIX,472
CEVA,471
SPWR,470
PVAC,470
EYPT,469
SIGA,469
IIIV,468
HAFC,466
SMBC,466
MSBI,465
HONE,463
CMP,463
CCBG,461
CAC,461
GLRE,461
IVR,457
FMNB,457
FC,456
CELC,456
LE,455
AGS,455
PACB,455
ACCO,454
CHUY,454
ORC,451
VYGR,449
TRC,449
NCMI,447
CVGW,446
SRI,441
ALEC,440
HVT,438
WASH,437
MCB,436
INOD,435
EE,432
XONE,432
BNED,430
LYTS,428
RDUS,426
WOW,426
NTGR,426
DGICA,423
BYND,421
THFF,420
ALT,420
TTI,418
CSV,418
EDIT,417
RICK,416
HDSN,414
HRZN,413
AROW,413
DAVE,411
TBPH,410
CLDT,409
WLDN,409
ATLC,407
FATE,406
CCNE,405
DHIL,405
HT,403
EB,402
MOV,402
CDLX,402
WLFC,401
CTO,399
FCEL,398
QUOT,398
SENEA,398
SENEB,398
ARA,397
AAOI,396
CDR,396
CRMT,395
SES,395
ACRE,394
MTW,393
MLP,392
LIND,392
VPG,391
BHB,391
BAND,390
ADTN,390
SAVE,388
PGC,383
ESQ,383
ANIK,379
ZUMZ,379
LOVE,377
VALU,374
AVNW,373
TITN,373
SMBK,372
RYAM,371
VNDA,370
JILL,368
GPX,366
GNE,365
SFIX,365
FTSI,365
MIC,364
NFBK,361
RMR,359
KRNY,357
AEHR,356
BBCP,355
MPX,354
HIFS,354
SHBI,354
PANL,354
DBI,353
FLWS,352
NVEC,352
BBW,352
SMHI,352
LMNR,352
FFIC,351
PAHC,350
INS,349
MEI,346
IMMR,346
DENN,345
MPB,344
XPER,344
UIHC,343
ORGO,341
MCFT,339
PTSI,338
LINC,338
ODC,336
ORN,335
CERS,335
GNTY,333
ITIC,332
AMCX,332
NWPX,331
GDP,331
PKOH,329
MOFG,329
NVRO,328
LOCO,326
SGC,325
ATNI,325
HEAR,324
AXGN,324
FARO,324
XERS,323
JOUT,323
FFWM,322
ARTNA,321
BRT,321
GHM,320
FORR,319
REI,319
OSUR,317
RBB,316
AVXL,316
TBI,315
NODK,315
EBS,315
NL,314
IPI,314
GBLI,314
CWBC,314
AAN,308
NRIM,306
LEAF,306
TTEC,305
RDVT,304
FMAO,303
BSRR,303
WTI,303
PMTS,302
BWB,301
QRTEA,300
AGEN,300
HBCP,299
ANH,296
RVNC,292
PFIS,291
GWRS,291
JRVR,291
SPOK,291
BOOM,290
ZYXI,289
EBTC,289
PCYG,287
UIS,287
WEYS,287
SLDB,287
HCHC,286
AMSWA,286
NATR,285
USAP,285
CARE,285
NATH,285
MBI,285
FBIZ,285
GCO,284
MTRX,284
GHL,282
WTBA,282
XOMA,282
RCKY,281
APEI,281
TCMD,279
IRBT,277
VLGEA,277
CSLT,274
HNRG,273
ORRF,272
SRG,272
CIX,271
FISI,270
SNBR,270
MCS,269
MGNX,269
PKE,269
RM,268
ACNB,268
CHGG,267
UNTY,264
FSTR,263
FDBC,262
CZNC,262
EAF,262
VIRC,262
FNLC,261
OIS,259
FSBW,258
TRUE,256
ENTA,256
SBT,253
EGHT,252
USX,251
SOI,251
COMM,250
CLAR,250
MRSN,250
INSE,250
MG,249
RLGT,249
CRMD,247
MVBF,247
MN,246
TCI,242
BMRC,242
ILPT,242
AVD,241
LIVX,241
WSBF,240
GENC,238
ATNM,236
ANGO,236
UTMD,236
OMER,234
INBK,233
OOMA,233
TREC,232
FRBA,232
INO,232
EVI,231
TPIC,231
DOMO,230
NGS,230
HRTG,229
PFMT,227
PCYO,224
CDXC,224
AKBA,220
PBPB,219
ALDX,219
MED,219
CIVB,218
FLIC,218
SFST,216
NKTR,215
WRTC,214
CPS,213
PDLB,213
CVLY,212
REV,212
JAX,211
DXLG,211
CDXS,210
FET,210
LCUT,209
TSBK,208
PAYS,207
PLBC,206
CDZI,206
ARL,206
RGCO,206
STRS,205
JYNT,205
NWFL,205
MHLD,204
MITT,204
FF,202
SENS,202
LCNB,202
CBAN,201
MVIS,201
CHMG,201
JAKK,200
OPRX,200
KMPH,198
ASUR,197
CIO,196
OVLY,195
BWFG,195
HIL,194
BPRN,193
FFNW,192
HMST,191
HBB,190
ALCO,190
LWAY,190
CTRN,189
CHRS,188
QUAD,188
ZIOP,187
EGAN,186
ARAY,186
PKBK,185
XBIT,185
PNRG,185
ABEO,185
ATLO,184
CPSS,182
QRHC,182
BHR,181
SSTI,181
ITI,181
ESCA,180
OXSQ,179
CVGI,179
MBCN,179
EPM,178
SRT,178
NC,178
FLXS,178
VRA,177
NKSH,177
TG,174
PVBC,173
GPRO,173
EMAN,172
TWIN,172
FSP,172
INGN,171
LAKE,171
LCTX,171
ACHV,171
ALIM,170
BCBP,170
ULBI,169
ESSA,168
FLL,168
STI,168
XFOR,167
WHLR,165
AXTI,164
NWHM,163
EYES,163
RIGL,162
LONE,162
NTIC,162
PZN,162
PESI,161
ANGI,160
QUIK,160
CAPR,159
EML,158
TUSK,158
GPMT,158
TSQ,158
EVC,157
DLHC,157
APPS,156
TAYD,156
GALT,155
RGLS,155
PEBK,155
PBYI,154
RMAX,153
CFFI,153
NNBR,153
CMT,153
EXTN,153
ADVM,152
III,152
RCMT,151
SNFCA,151
PWOD,150
EVBN,149
STKS,149
HOFT,149
SSP,148
UEIC,148
ISTR,147
XELA,147
MICT,146
GEVO,145
ATOS,145
FTK,144
RELL,144
AHC,143
EARN,142
CIA,141
KOD,141
LTRX,141
SAMG,141
CSPI,140
GTHX,140
AJX,139
GTT,139
HWBK,138
BOLD,137
AMTX,137
EHTH,137
SELB,137
SYNL,136
INFU,135
WNEB,135
OPTN,135
SACH,132
MRAM,132
FUNC,131
FCCO,128
BSET,127
HBIO,127
SBNY,126
FRAF,126
GEOS,126
BW,126
ELMD,126
UBFO,125
ACU,124
MNSB,123
DLTH,122
RRGB,122
VERU,122
KPTI,121
BFIN,121
TLYS,121
CRVS,121
MPAA,120
ADES,120
FNCB,119
PHX,119
INTT,119
GV,118
ALOT,118
CPHC,118
GOSS,118
CZWI,118
INTL,117
FGBI,117
CBFV,117
MRBK,116
LOOP,115
CHMI,115
WHG,114
SCX,113
FSFG,113
ARC,113
LUNA,113
FRD,113
KEQU,112
SCWX,112
OPI,112
SSKN,111
HURC,110
GBL,109
OMEX,108
CTMX,107
ISSC,107
CATO,106
FGEN,105
ARPO,105
EBMT,105
LARK,104
BLUE,104
CLRB,104
ALLK,104
TZOO,103
IVAC,103
ARMP,103
STRT,103
IMUX,103
GIFI,102
OVBC,102
SFBC,102
MCRB,102
SPWH,102
SGA,101
CFBK,101
UFI,100
ASRT,100
TSE,99
VTNR,99
FCAP,98
INSG,98
PDSB,98
XTNT,98
DHX,98
UNB,97
NBY,97
FONR,97
SUP,97
VERI,96
INVE,96
SBFG,96
MNTX,96
NDLS,96
PLCE,95
HMNF,94
WW,94
KVHI,93
VXRT,93
BCOV,92
FVE,91
FNWB,91
BRID,90
SNCR,89
RLH,89
VUZI,89
PETS,89
MHH,88
ISRL,88
VSTM,88
SND,88
TTOO,88
LFVN,88
MAYS,87
AXR,87
PRPH,87
PROV,87
FEIM,87
BWEN,86
SGMO,86
SRTS,86
GAIA,85
ASYS,84
ASMB,84
KOPN,83
ANIX,83
AC,83
GRTS,83
DIT,82
NICK,82
RVSB,81
CNTY,81
ACRS,81
BGSF,80
CMRX,80
MRNS,80
JCS,80
PED,79
NHTC,78
DERM,78
LEE,77
KLXE,77
LIVE,77
STCN,76
FOSL,76
SCYX,76
SLNG,76
OPOF,75
UONE,75
UONEK,75
CRT,75
SERV,75
GLT,73
VBFC,73
SLS,72
LSBK,72
MGYR,72
VOXX,71
UPLD,71
NETE,71
SIEB,71
PPIH,70
ALJJ,70
GSIT,70
CODA,70
AMTD,70
SPRO,69
UBCP,69
TUP,69
BGFV,69
TBNK,69
RAIL,68
CVM,68
IOR,68
PRTS,67
ESP,66
PDEX,66
CMCT,66
XPL,66
AVRO,66
PFIE,65
AE,65
MNOV,65
CUE,65
DVD,65
AUBN,64
IDN,63
FARM,63
RVI,63
DWSN,63
APT,62
BEAT,62
CMTL,62
CHCI,62
SCOR,61
REFR,61
HTBX,61
MCHX,61
CONN,61
BIG,61
AIRG,60
PBHC,60
FUSB,59
CLPR,59
ELVT,59
LOAN,58
PTI,58
SGRP,58
EMMS,58
DYAI,58
CDTX,57
STIM,57
PXLW,57
LPCN,57
MLSS,57
VNRX,57
ENZ,57
IROQ,57
UBOH,57
RMTI,56
IPWR,56
WMC,56
LUB,55
HHS,55
DRRX,55
SELF,54
CULP,54
KINS,53
RDI,53
EGRX,53
NINE,52
CRWS,52
ARKR,51
ATRA,51
VTVT,51
APYX,51
LPSN,50
BOTJ,50
RRTS,49
HZN,49
BDL,48
CRIS,48
KZR,48
BKTI,48
LPTH,48
ASPS,48
INTG,48
ABIO,47
MESA,46
FLNT,46
PRT,46
WTT,45
HSON,45
CTSO,45
SSBI,45
DARE,44
DZSI,44
USIO,43
UG,43
MRKR,43
PRTY,42
SYPR,42
NCSM,42
LL,42
AQMS,42
ASRV,42
KTCC,42
ENOB,41
AHT,40
NAII,40
PPSI,40
MTNB,40
UAMY,40
ICAD,40
AIRT,39
AWRE,39
AAME,39
GORO,39
CASI,38
NTIP,38
FBIO,38
TLF,37
ZDGE,37
OCX,37
RAD,37
KOOL,37
LTRPA,36
SYRS,36
CGIX,36
SDPI,36
RFIL,36
INUV,36
OESX,35
IZEA,35
LTBR,35
HFBL,35
RFL,35
TACT,35
TISI,35
ISNS,34
IRIX,34
RVP,34
ISDR,34
ICCC,34
CUTR,33
JOB,33
STRM,33
NEON,33
CLIR,32
FTEK,32
SGMA,32
SVT,31
BYFC,31
NTWK,30
GROW,30
BCLI,30
AVYA,30
CVU,30
LCI,30
WHLM,29
PTN,29
TCS,29
GTIM,29
AXDX,28
PZG,28
CKX,28
WWR,28
AGE,28
WYY,28
CVV,28
KFFB,27
RAVE,27
LGL,27
TRT,27
USEG,26
NERV,26
BRN,25
IVC,25
LODE,25
EYEG,25
CPSH,25
DAIO,25
ONCT,24
KIRK,24
SOHO,24
ACHN,24
CEI,23
TXMD,23
NNVC,22
ICD,22
OCC,22
SMSI,22
NXTD,22
CPIX,21
ONTX,21
AMS,21
HPR,20
EKSO,20
IBIO,20
WVVI,20
SIF,20
VNCE,20
MEIP,19
JCTCF,19
TAT,19
COHN,19
SYBX,19
AP,18
MDLY,18
TGEN,18
CLRO,17
AINC,17
EDUC,17
VBIV,16
NCI,16
KALA,16
SLRX,16
XELB,16
ASTC,16
WPG,16
DS,15
GLYC,15
VHC,15
MTEX,15
SEEL,15
MBOT,15
RMCF,15
CVR,15
TAIT,14
LMFA,14
CARA,14
ELSE,14
LIQT,13
HUSA,13
PMD,13
ONVO,13
PEI,13
AKTS,13
DXYN,12
CNFR,12
SANW,11
PSTV,11
DSS,11
GLBZ,11
ADXS,11
EVOL,11
GVP,11
WSTL,11
AIRI,11
RGS,10
MSN,10
IO,10
PNBK,10
VISL,10
BBGI,9
MTEM,9
EMKR,8
DGLY,8
SCON,8
ARTW,8
EFOI,8
IMH,8
TPHS,8
JVA,8
OPTT,8
AFI,8
NURO,8
CYCN,8
DLA,8
MRIN,7
OGEN,7
ADMP,7
TRVN,7
PULM,7
WATT,7
ENG,7
EV,7
AQB,7
TTNP,6
AUMN,6
TBIO,6
MIND,6
ENSV,6
RELV,6
HEPA,6
XXII,6
TENX,5
NVTA,5
CTHR,5
IDXG,5
SALM,5
KEM,5
RUBY,5
ASPU,5
MICR,5
BPTH,5
BIOL,5
FORD,5
POAI,5
EVOK,5
MNK,5
RKDA,4
APDN,4
CYTR,4
RHE,4
POL,4
NVFY,4
CURO,4
UUU,4
TCON,4
MBIO,4
INOV,4
AXAS,3
PHIO,3
TNXP,3
OPGN,3
FLOW,3
HSDT,3
AVGR,3
CETX,3
SNOA,3
APVO,2
IRET,2
CYCC,2
PW,2
CYAN,2
UFAB,2
RBCN,2
AEMD,2
RESI,1
RIBT,1
BLCM,1
FRBK,0
CORR,0
UNAM,0
AMPE,0
CALA,0
SMIT,0
TEUM,0
NAVB,0
WTER,0
HALL,0
AAWW,0
ABMD,0
ABTX,0
ACBI,0
ACER,0
ACIA,0
ACOR,0
ADMS,0
AEGN,0
AERI,0
AEY,0
AGFS,0
AGRX,0
AGTC,0
AIMC,0
AIMT,0
AKCA,0
ALBO,0
ALNA,0
ALPN,0
ALSK,0
ALXN,0
AMNB,0
AMRB,0
AMRS,0
ANAT,0
APEN,0
APEX,0
APRN,0
ARAV,0
ARNA,0
ATHX,0
ATNX,0
ATRS,0
ATVI,0
AUTO,0
AVEO,0
AVID,0
BBBY,0
BDSI,0
BIOC,0
BIOS,0
BKSC,0
BMCH,0
BMTC,0
BNFT,0
BOCH,0
BPFH,0
BSGM,0
BSQR,0
BSTC,0
CAMP,0
CASA,0
CATM,0
CBAY,0
CBMG,0
CCMP,0
CCXI,0
CDK,0
CEMI,0
CERN,0
CFMS,0
CHMA,0
CIZN,0
CLCT,0
CLVS,0
CNBKA,0
CONE,0
CORE,0
COUP,0
COWN,0
CSII,0
CSOD,0
CSTR,0
CTG,0
CTIC,0
CTXS,0
CVET,0
CWBR,0
CYBE,0
DCPH,0
DISH,0
DNKN,0
DRNA,0
DSKE,0
DSPG,0
EBIX,0
EBSB,0
ECHO,0
ECOL,0
EGOV,0
EIDX,0
EIGI,0
EIGR,0
ELOX,0
EMCF,0
ENDP,0
EPAY,0
EPZM,0
ESBK,0
ESXB,0
EVFM,0
EVOP,0
EXPR,0
FBSS,0
FCBP,0
FCCY,0
FLIR,0
FLXN,0
FMBI,0
FNHC,0
FOCS,0
FPRX,0
FRAN,0
FRGI,0
FRTA,0
FSCT,0
GBT,0
GEC,0
GFED,0
GFN,0
GLIBA,0
GLUU,0
GNCA,0
GNMK,0
GRIF,0
GRUB,0
GSKY,0
GTYH,0
GWGH,0
HBMD,0
HBP,0
HCCI,0
HDS,0
HMHC,0
HMSY,0
HMTV,0
HOS,0
HSKA,0
HTGM,0
HWCC,0
HZNP,0
ICBK,0
ICON,0
ICPT,0
IEC,0
IIN,0
IMBI,0
IMGN,0
INFI,0
IPHI,0
ISBC,0
ISEE,0
JNCE,0
KBAL,0
KDMN,0
KIN,0
LB,0
LBAI,0
LBC,0
LH,0
LHCG,0
LJPC,0
LMNX,0
LMST,0
LORL,0
MACK,0
MANT,0
MARK,0
MBII,0
MDP,0
MFNC,0
MGI,0
MGLN,0
MIK,0
MLVF,0
MMAC,0
MOBL,0
MOTS,0
MRLN,0
MRTX,0
MSON,0
MTSC,0
MXIM,0
NATI,0
NBEV,0
NBSE,0
NEOS,0
NGHC,0
NMIH,0
NSEC,0
NSTG,0
NTUS,0
NUAN,0
NUVA,0
NVIV,0
NXGN,0
OBCI,0
ODT,0
OFED,0
OMED,0
ONCS,0
ORBC,0
OTEL,0
OTIC,0
PACW,0
PATI,0
PBCT,0
PBIP,0
PCSB,0
PCTI,0
PDCE,0
PDLI,0
PFBI,0
PFIN,0
PFPT,0
PFSW,0
PHAS,0
PLXP,0
PMBC,0
PRAH,0
PRCP,0
PRGX,0
PRTK,0
PRVB,0
PS,0
PTE,0
PTVCA,0
PTVCB,0
QADA,0
QADB,0
QUMU,0
RAVN,0
RBNC,0
REED,0
REGI,0
RESN,0
RETA,0
RNDB,0
RNET,0
RNWK,0
RP,0
RUTH,0
SAFM,0
SAL,0
SCPL,0
SEAC,0
SFE,0
SGEN,0
SHSP,0
SIEN,0
SIVB,0
SLCT,0
SMED,0
SMMF,0
SOLY,0
SP,0
SPLK,0
SPNE,0
SPPI,0
SPRT,0
SQBG,0
SREV,0
SRNE,0
STAY,0
STFC,0
STMP,0
STND,0
STXB,0
SUMR,0
SUNW,0
SVBI,0
SWAV,0
SYKE,0
SYNC,0
SYNH,0
TACO,0
TAST,0
TCDA,0
TCF,0
TCFC,0
TECD,0
TESS,0
TLGT,0
TNAV,0
TPCO,0
TPTX,0
TRHC,0
TSC,0
TTS,0
TVTY,0
TWNK,0
TYME,0
UMPQ,0
UROV,0
USAK,0
USCR,0
USWS,0
VAPO,0
VG,0
VIA,0
VIVO,0
VNTR,0
VRAY,0
VRTU,0
WIFI,0
WVFC,0
XENT,0
XLNX,0
XLRN,0
XOG,0
YTEN,0
ZAGG,0
ZGNX,0
ZIXI,0
ZNGA,0
ZSAN,0
ZVO,0
ZYNE,0
HCAP,0
SUNS,0
